crop,energy,group,NAG,NBG,RAG,RS,DRY,Synonyms
abish,1000,G11_Condiments,0.008,0.009,1,0.22,0.85,fenugreek
acacia,0,G13_Non_Food,0.008,0.009,1,0.22,0.85,
achiote,0,G11_Condiments,0.008,0.009,1,0.22,0.85,
africa_eggplant,250,G9_Other_Vegetables,0.008,0.009,1,0.22,0.85,eggplant
african_locust_bean,3300,G3_Nuts_Seeds,0.008,0.009,1,0.22,0.85,locust_bean
agave,0,G13_Non_Food,0.008,0.009,1,0.22,0.85,
aguacate,1600,G10_Other_Fruits,0.008,0.009,1,0.22,0.85,avocado
agushi,5740,G3_Nuts_Seeds,0.008,0.009,1,0.22,0.85,pumpkin seeds
aja,3500,G1_Grains_Roots_Tubers,0.007,0.008,1.3,0.25,0.89,oat
aja_oat,3500,G1_Grains_Roots_Tubers,0.007,0.008,1.3,0.25,0.89,oat
aleefu,230,G7_Leafy_Vegetables,0.008,0.009,1,0.22,0.85,amaranth leaves
alfalfa,0,G13_Non_Food,0.027,0.019,1,0.4,0.9,
allefu,230,G7_Leafy_Vegetables,0.008,0.009,1,0.22,0.85,amaranth leaves
almond,5790,G3_Nuts_Seeds,0.008,0.009,1,0.22,0.85,
amaranth,3710,G1_Grains_Roots_Tubers,0.006,0.009,1.3,0.22,0.88,
amaranthus,3710,G1_Grains_Roots_Tubers,0.006,0.009,1.3,0.22,0.88,amaranth
amarantus,3710,G1_Grains_Roots_Tubers,0.006,0.009,1.3,0.22,0.88,amaranth
amarath,3710,G1_Grains_Roots_Tubers,0.006,0.009,1.3,0.22,0.88,amaranth
amboshika,0,NA,0.008,0.009,1,0.22,0.85,
amla,440,G10_Other_Fruits,0.008,0.009,1,0.22,0.85,indian gooseberry
amranthus,3710,G1_Grains_Roots_Tubers,0.006,0.009,1.3,0.22,0.88,amaranth
anchote,3500,G1_Grains_Roots_Tubers,0.006,0.009,1.3,0.22,0.88,coccinia abyssinica
andean_lupin,1470,G2_Pulses,0.008,0.008,2.1,0.19,0.91,
apple,520,G10_Other_Fruits,0.008,0.009,1,0.22,0.85,
apricot,480,G8_VitA_Fruits_Vegetables,0.008,0.009,1,0.22,0.85,
aquaculture,0,NA,0,0,0,0,0,
arecanut,3300,G3_Nuts_Seeds,0.008,0.009,1,0.22,0.85,betel nut
arnacarde,5530,G3_Nuts_Seeds,0.008,0.009,1,0.22,0.85,cashew
arrow_root,650,G1_Grains_Roots_Tubers,0.019,0.014,0.4,0.2,0.22,
arroz,3600,G1_Grains_Roots_Tubers,0.007,0.009,1.4,0.16,0.89,rice
artichoke,530,G9_Other_Vegetables,0.008,0.009,1,0.22,0.85,
ash_gourd,250,G9_Other_Vegetables,0.008,0.009,1,0.22,0.85,gourd
asian_pear,420,G10_Other_Fruits,0.008,0.009,1,0.22,0.85,
asparagas_pea,1500,G2_Pulses,0.008,0.008,2.1,0.19,0.91,asparagus_pea
asparagus,200,G9_Other_Vegetables,0.008,0.009,1,0.22,0.85,
asparagus_pea,1500,G2_Pulses,0.008,0.008,2.1,0.19,0.91,
aubergine,250,G9_Other_Vegetables,0.008,0.009,1,0.22,0.85,eggplant
aubergine_african,250,G9_Other_Vegetables,0.008,0.009,1,0.22,0.85,eggplant
aubergine_douce,250,G9_Other_Vegetables,0.008,0.009,1,0.22,0.85,eggplant
aubergine_local,250,G9_Other_Vegetables,0.008,0.009,1,0.22,0.85,eggplant
aubergine_violette,250,G9_Other_Vegetables,0.008,0.009,1,0.22,0.85,eggplant
augergine,250,G9_Other_Vegetables,0.008,0.009,1,0.22,0.85,eggplant
avocado,1600,G10_Other_Fruits,0.008,0.009,1,0.22,0.85,
ayote,265,G8_VitA_Fruits_Vegetables,0.008,0.009,1,0.22,0.85,squash
ayoyo,500,G7_Leafy_Vegetables,0.008,0.009,1,0.22,0.85,jute leaves
baboon,0,NA,0,0,0,0,0,bamboo?
balanites,2300,G10_Other_Fruits,0.008,0.009,1,0.22,0.85,Balanites aegyptiaca
balanti,0,NA,0,0,0,0,0,
bambara,3500,G2_Pulses,0.008,0.008,2.1,0.19,0.91,bambara_groundnut
bambara_beans,3500,G2_Pulses,0.008,0.008,2.1,0.19,0.91,bambara_groundnut
bambara_groundnut,3500,G2_Pulses,0.008,0.008,2.1,0.19,0.91,
bambara_nut,3500,G2_Pulses,0.008,0.008,2.1,0.19,0.91,bambara_groundnut
bambaranut,3500,G2_Pulses,0.008,0.008,2.1,0.19,0.91,bambara_groundnut
bamboo_shoot,410,G9_Other_Vegetables,0.008,0.009,1,0.22,0.85,
banana,890,G8_VitA_Fruits_Vegetables,0.008,0.009,1,0.22,0.85,
banana_cooking,890,G8_VitA_Fruits_Vegetables,0.008,0.009,1,0.22,0.85,banana
banana_flower,510,G9_Other_Vegetables,0.008,0.009,1,0.22,0.85,
banana_plaintain,890,G8_VitA_Fruits_Vegetables,0.008,0.009,1,0.22,0.85,banana
banana_sweet,890,G8_VitA_Fruits_Vegetables,0.008,0.009,1,0.22,0.85,banana
banana_verte,890,G8_VitA_Fruits_Vegetables,0.008,0.009,1,0.22,0.85,banana
banano_criollo,890,G8_VitA_Fruits_Vegetables,0.008,0.009,1,0.22,0.85,banana
banyard_millet,3760,G1_Grains_Roots_Tubers,0.007,0.009,1.4,0.16,0.9,
baobab,1200,G7_Leafy_Vegetables,0.008,0.009,1,0.22,0.85,
baobab_leaves,1200,G7_Leafy_Vegetables,0.008,0.009,1,0.22,0.85,
barley,3520,G1_Grains_Roots_Tubers,0.007,0.014,1.2,0.22,0.89,
barley_food,3520,G1_Grains_Roots_Tubers,0.007,0.014,1.2,0.22,0.89,barley
barley_malt,3520,G1_Grains_Roots_Tubers,0.007,0.014,1.2,0.22,0.89,barley
basil,0,G11_Condiments,0.008,0.009,1,0.22,0.85,
beans,1480,G2_Pulses,0.008,0.008,2.1,0.19,0.91,bean
beans_bambara,3500,G2_Pulses,0.008,0.008,2.1,0.19,0.91,bambara_groundnut
beans_bush,1480,G2_Pulses,0.008,0.008,2.1,0.19,0.91,bean
beans_climbing,1480,G2_Pulses,0.008,0.008,2.1,0.19,0.91,bean
beans_climbing_annual,1480,G2_Pulses,0.008,0.008,2.1,0.19,0.91,bean
beans_climbing_perennial,1480,G2_Pulses,0.008,0.008,2.1,0.19,0.91,bean
beans_haricot,650,G2_Pulses,0.008,0.008,2.1,0.19,0.91,
bee_keeping,0,NA,0,0,0,0,0,livestock product
beef_heart,210,G9_Other_Vegetables,0.008,0.009,1,0.22,0.85,tomato
beerroot,430,G1_Grains_Roots_Tubers,0.019,0.014,0.4,0.2,0.22,beetroot
beet,430,G1_Grains_Roots_Tubers,0.019,0.014,0.4,0.2,0.22,beetroot
beetroot,430,G1_Grains_Roots_Tubers,0.019,0.014,0.4,0.2,0.22,beetroot
ber,790,G10_Other_Fruits,0.008,0.009,1,0.22,0.85,jujube
betel,3300,G3_Nuts_Seeds,0.008,0.009,1,0.22,0.85,betel_nut
betel_nut,3300,G3_Nuts_Seeds,0.008,0.009,1,0.22,0.85,
bissap,0,G11_Condiments,0.008,0.009,1,0.22,0.85,
bitiuti,0,NA,0,0,0,0,0,
bitter_gourd,190,G9_Other_Vegetables,0.008,0.009,1,0.22,0.85,
bitter_meton_gourd,190,G9_Other_Vegetables,0.008,0.009,1,0.22,0.85,
bitterberry,1400,G10_Other_Fruits,0.008,0.009,1,0.22,0.85,
bitterleaf,2000,G7_Leafy_Vegetables,0.008,0.009,1,0.22,0.85,
bjmia,0,NA,0.008,0.009,1,0.22,0.85,
black_beans,4460,G2_Pulses,0.008,0.008,2.1,0.19,0.91,
black_gram,3470,G2_Pulses,0.008,0.008,2.1,0.19,0.91,
black_nightshade,400,G7_Leafy_Vegetables,0.008,0.009,1,0.22,0.85,
black_plum,450,G10_Other_Fruits,0.008,0.009,1,0.22,0.85,
black_soybean,1500,G2_Pulses,0.008,0.008,2.1,0.19,0.91,
blackberry,430,G10_Other_Fruits,0.008,0.009,1,0.22,0.85,
bok_choy,250,G7_Leafy_Vegetables,0.008,0.009,1,0.22,0.85,chinese_cabbage
boma_rhode,0,G13_Non_Food,0.008,0.009,1,0.22,0.85,
bottle_gourd,200,G9_Other_Vegetables,0.008,0.009,1,0.22,0.85,
bra,0,NA,0.008,0.009,1,0.22,0.85,
bracharia,0,G13_Non_Food,0.008,0.009,1,0.22,0.85,
branjil,250,G9_Other_Vegetables,0.008,0.009,1,0.22,0.85,eggplant
breadfruit,580,G1_Grains_Roots_Tubers,0.019,0.014,0.4,0.2,0.22,
brinjal,250,G9_Other_Vegetables,0.008,0.009,1,0.22,0.85,eggplant
broad_beans,1470,G2_Pulses,0.008,0.008,2.1,0.19,0.91,
broccoli,390,G7_Leafy_Vegetables,0.008,0.009,1,0.22,0.85,
brocolli,390,G7_Leafy_Vegetables,0.008,0.009,1,0.22,0.85,broccoli
buckwheat,3350,G1_Grains_Roots_Tubers,0.006,0.009,1.3,0.22,0.88,
buna,800,G12_Other,0.008,0.009,1,0.22,0.85,coffee
bush_beans,1480,G2_Pulses,0.008,0.008,2.1,0.19,0.91,
butter_nut,265,G8_VitA_Fruits_Vegetables,0.008,0.009,1,0.22,0.85,butternut_squash
butternut_squash,265,G8_VitA_Fruits_Vegetables,0.008,0.009,1,0.22,0.85,
cabage,250,G7_Leafy_Vegetables,0.008,0.009,1,0.22,0.85,cabbage
cabbage,250,G7_Leafy_Vegetables,0.008,0.009,1,0.22,0.85,
cacao,1290,G12_Other,0.008,0.009,1,0.22,0.85,
cactus,800,G10_Other_Fruits,0.008,0.009,1,0.22,0.85,
calabash,200,G9_Other_Vegetables,0.008,0.009,1,0.22,0.85,bottle_gourd
calamansi,800,G10_Other_Fruits,0.008,0.009,1,0.22,0.85,
calliandra,0,G13_Non_Food,0.008,0.009,1,0.22,0.85,
camote,770,G1_Grains_Roots_Tubers,0.019,0.014,0.4,0.2,0.22,sweet_potatoes
canellier,0,G11_Condiments,0.008,0.009,1,0.22,0.85,
cannabis,0,G13_Non_Food,0.008,0.009,1,0.22,0.85,
cannella,0,G11_Condiments,0.008,0.009,1,0.22,0.85,
capsicum,800,G11_Condiments,0.008,0.009,1,0.22,0.85,
cardamon,0,G11_Condiments,0.008,0.009,1,0.22,0.85,
cardamonne,0,G11_Condiments,0.008,0.009,1,0.22,0.85,
carob,1470,G9_Other_Vegetables,0.008,0.009,1,0.22,0.85,
carot,480,G8_VitA_Fruits_Vegetables,0.008,0.009,1,0.22,0.85,
carrot,480,G8_VitA_Fruits_Vegetables,0.008,0.009,1,0.22,0.85,
cashew,5530,G3_Nuts_Seeds,0.008,0.009,1,0.22,0.85,
cashew_nut,5530,G3_Nuts_Seeds,0.008,0.009,1,0.22,0.85,
cassava,1600,G1_Grains_Roots_Tubers,0.019,0.014,0.4,0.2,0.22,
cassava_leave,370,G7_Leafy_Vegetables,0.008,0.009,1,0.22,0.85,
cauliflower,250,G9_Other_Vegetables,0.008,0.009,1,0.22,0.85,
celery,160,G9_Other_Vegetables,0.008,0.009,1,0.22,0.85,
cereal,3000,G1_Grains_Roots_Tubers,0.006,0.009,1.3,0.23,0.89,
chandlai,230,G7_Leafy_Vegetables,0.008,0.009,1,0.22,0.85,amaranth leaves
chard,190,G7_Leafy_Vegetables,0.008,0.009,1,0.22,0.85,
chat,0,G13_Non_Food,0.008,0.009,1,0.22,0.85,
check_bens,3780,G2_Pulses,0.008,0.008,2.1,0.19,0.91,chickpea
chickpea,3780,G2_Pulses,0.008,0.008,2.1,0.19,0.91,
chile,400,G9_Other_Vegetables,0.008,0.009,1,0.22,0.85,
chiledulce,400,G9_Other_Vegetables,0.008,0.009,1,0.22,0.85,
chili,400,G9_Other_Vegetables,0.008,0.009,1,0.22,0.85,
chili_pepper,400,G9_Other_Vegetables,0.008,0.009,1,0.22,0.85,
chilie,400,G9_Other_Vegetables,0.008,0.009,1,0.22,0.85,
chilli,400,G9_Other_Vegetables,0.008,0.009,1,0.22,0.85,
chilli_pepper,400,G9_Other_Vegetables,0.008,0.009,1,0.22,0.85,chili_pepper
chillie,400,G9_Other_Vegetables,0.008,0.009,1,0.22,0.85,
chinese_cabbage,250,G7_Leafy_Vegetables,0.008,0.009,1,0.22,0.85,
chinese_turnip,260,G9_Other_Vegetables,0.019,0.014,0.4,0.2,0.22,
chinese_yam,1180,G1_Grains_Roots_Tubers,0.019,0.014,0.4,0.2,0.22,
chipilin,630,G7_Leafy_Vegetables,0.008,0.009,1,0.22,0.85,
chives,300,G7_Leafy_Vegetables,0.008,0.009,1,0.22,0.85,
chocho,1400,G2_Pulses,0.008,0.008,2.1,0.19,0.91,
chuka_sak,220,G7_Leafy_Vegetables,0.008,0.009,1,0.22,0.85,sorrel
cilantro,0,G11_Condiments,0.008,0.009,1,0.22,0.85,coriander
citricos,800,G10_Other_Fruits,0.008,0.009,1,0.22,0.85,citrus
citrine_myrobalan,800,G10_Other_Fruits,0.008,0.009,1,0.22,0.85,citrus
citrine_myrobalans,800,G10_Other_Fruits,0.008,0.009,1,0.22,0.85,citrus
citron,800,G10_Other_Fruits,0.008,0.009,1,0.22,0.85,citrus
citrus,800,G10_Other_Fruits,0.008,0.009,1,0.22,0.85,
citrus_fruit,800,G10_Other_Fruits,0.008,0.009,1,0.22,0.85,citrus
citrus_lemon,800,G10_Other_Fruits,0.008,0.009,1,0.22,0.85,citrus
climbing_beans,1480,G2_Pulses,0.008,0.008,2.1,0.19,0.91,
clocacia,1180,G1_Grains_Roots_Tubers,0.019,0.014,0.4,0.2,0.22,taro
clotaria,0,G13_Non_Food,0.027,0.022,0.3,0.4,0.9,
cloves,0,G11_Condiments,0.008,0.009,1,0.22,0.85,
cluster_bean,3670,G2_Pulses,0.008,0.008,2.1,0.19,0.91,
cluster_bean_guwar,3670,G2_Pulses,0.008,0.008,2.1,0.19,0.91,
cocao,0,G12_Other,0.008,0.009,1,0.22,0.85,cocoa
coco,2000,G10_Other_Fruits,0.008,0.009,1,0.22,0.85,coconuts
cocoa,0,G12_Other,0.008,0.009,1,0.22,0.85,
coconuts,2000,G10_Other_Fruits,0.008,0.009,1,0.22,0.85,
cocoyam,1180,G1_Grains_Roots_Tubers,0.019,0.014,0.4,0.2,0.22,
coffee,0,G12_Other,0.008,0.009,1,0.22,0.85,
col,250,G7_Leafy_Vegetables,0.008,0.009,1,0.22,0.85,cabbage
cole,250,G7_Leafy_Vegetables,0.008,0.009,1,0.22,0.85,cabbage
collared_greens,250,G7_Leafy_Vegetables,0.008,0.009,1,0.22,0.85,NA
colocasia,1180,G1_Grains_Roots_Tubers,0.019,0.014,0.4,0.2,0.22,taro
common_beans,1480,G2_Pulses,0.008,0.008,2.1,0.19,0.91,
common_vetch,0,G13_Non_Food,0.008,0.009,1,0.22,0.85,
convulvus,0,G13_Non_Food,0.008,0.009,1,0.22,0.85,
coriander,0,G11_Condiments,0.008,0.009,1,0.22,0.85,
coriander_green,0,G11_Condiments,0.008,0.009,1,0.22,0.85,coriander
coriender,0,G11_Condiments,0.008,0.009,1,0.22,0.85,coriander
corn,3650,G1_Grains_Roots_Tubers,0.006,0.007,1,0.22,0.87,maize
corossol,660,G10_Other_Fruits,0.008,0.009,1,0.22,0.85,soursop
cotton,0,G13_Non_Food,0.008,0.009,1,0.22,0.85,
couliflower,250,G9_Other_Vegetables,0.008,0.009,1,0.22,0.85,cauliflower
courge,250,G8_VitA_Fruits_Vegetables,0.008,0.009,1,0.22,0.85,squash
courgette,170,G9_Other_Vegetables,0.008,0.009,1,0.22,0.85,zucchini
cowpea,3360,G2_Pulses,0.008,0.008,2.1,0.19,0.91,
cowpea_leaf,280,G7_Leafy_Vegetables,0.008,0.008,2.1,0.19,0.91,
cowpea_leaves,280,G7_Leafy_Vegetables,0.008,0.008,2.1,0.19,0.91,
cowpea_seed,3360,G2_Pulses,0.008,0.008,2.1,0.19,0.91,
crocodile,0,G13_Non_Food,0,0,0,0,0,
cucumber,150,G9_Other_Vegetables,0.008,0.009,1,0.22,0.85,
culantro,0,G11_Condiments,0.008,0.009,1,0.22,0.85,cilantro
culantro_coyote,0,G11_Condiments,0.008,0.009,1,0.22,0.85,cilantro
cumin,0,G11_Condiments,0.008,0.009,1,0.22,0.85,
curled_leaf_mustard,270,G7_Leafy_Vegetables,0.008,0.009,1,0.22,0.85,mustaard_green
custade_apple_poza,800,G9_Other_Vegetables,0.008,0.009,1,0.22,0.85,custard_apple
custard_apple,800,G9_Other_Vegetables,0.008,0.009,1,0.22,0.85,
dania,0,G11_Condiments,0.008,0.009,1,0.22,0.85,coriander
date_palm,2820,G10_Other_Fruits,0.008,0.009,1,0.22,0.85,
dates,2820,G10_Other_Fruits,0.008,0.009,1,0.22,0.85,
datil,2820,G10_Other_Fruits,0.008,0.009,1,0.22,0.85,dates
dekoko,810,G2_Pulses,0.008,0.008,2.1,0.19,0.91,
dengue,0,NA,0,0,0,0,0,
desert_date,2820,G10_Other_Fruits,0.008,0.009,1,0.22,0.85,NA
desmodium,0,G13_Non_Food,0.008,0.009,1,0.22,0.85,
detarium,1100,G10_Other_Fruits,0.008,0.009,1,0.22,0.85,
dolichos,0,G13_Non_Food,0.008,0.009,1,0.22,0.85,lablab
dolicos,0,G13_Non_Food,0.008,0.009,1,0.22,0.85,lablab
dragon_fruit,570,G10_Other_Fruits,0.008,0.009,1,0.22,0.85,pitahaya
drum_stick,640,G7_Leafy_Vegetables,0.008,0.009,1,0.22,0.85,
drumstick,640,G7_Leafy_Vegetables,0.008,0.009,1,0.22,0.85,
dry_rice,3600,G1_Grains_Roots_Tubers,0.007,0.009,1.4,0.16,0.89,rice
durian,1470,G10_Other_Fruits,0.008,0.009,1,0.22,0.85,
ebony,0,NA,0.008,0.009,1,0.22,0.85,NA
eggplant,250,G9_Other_Vegetables,0.008,0.009,1,0.22,0.85,
eggs,1550,G6_Eggs,0,0,0,0,0,
ejobyo_spider_plant,440,G9_Other_Vegetables,0.008,0.009,1,0.22,0.85,
elephant_brass,0,G13_Non_Food,0.008,0.009,1,0.22,0.85,elephant_grass
elephant_foot,1180,G1_Grains_Roots_Tubers,0.019,0.014,0.4,0.2,0.22,elephant_yam
elephant_fruit,590,G10_Other_Fruits,0.008,0.009,1,0.22,0.85,
elephant_grass,0,G13_Non_Food,0.008,0.009,1,0.22,0.85,
elephant_yam,1180,G1_Grains_Roots_Tubers,0.019,0.014,0.4,0.2,0.22,
emblic_myrobalans,440,G10_Other_Fruits,0.008,0.009,1,0.22,0.85,amla
empty,0,NA,0,0,0,0,0,
enset,1900,G1_Grains_Roots_Tubers,0.008,0.009,1,0.22,0.85,
eucalyptus,0,G13_Non_Food,0.008,0.009,1,0.22,0.85,
faba_beans,1470,G2_Pulses,0.008,0.008,2.1,0.19,0.91,fava_bean
fallow,0,G13_Non_Food,0.015,0.012,0.3,0.54,0.9,
fava_beans,1470,G2_Pulses,0.008,0.008,2.1,0.19,0.91,
fenu_greece,1000,G11_Condiments,0.008,0.009,1,0.22,0.85,7_Leafy_Vegetables ?
fenugreek,1000,G11_Condiments,0.008,0.009,1,0.22,0.85,7_Leafy_Vegetables ?
ferromiella_lucida,800,G10_Other_Fruits,0.008,0.009,1,0.22,0.85,
fertiliser_trees,0,G13_Non_Food,0.008,0.009,1,0.22,0.85,
ficus,740,G10_Other_Fruits,0.008,0.009,1,0.22,0.85,
field_beans,1470,G2_Pulses,0.008,0.008,2.1,0.19,0.91,
field_pea,3360,G2_Pulses,0.008,0.008,2.1,0.19,0.91,
finger_millet,3760,G1_Grains_Roots_Tubers,0.007,0.009,1.4,0.16,0.9,
finger_milletmawere,3760,G1_Grains_Roots_Tubers,0.007,0.009,1.4,0.16,0.9,finger_millet
finger_root,800,G9_Other_Vegetables,0.008,0.009,1,0.22,0.85,
fish_fresh_water,1280,G5_Meat_Fish,0,0,0,0,0,
flax,5340,G1_Grains_Roots_Tubers,0.006,0.009,1.3,0.22,0.88,NA
flores_tropicales,0,G13_Non_Food,0.008,0.009,1,0.22,0.85,
flowers,0,G13_Non_Food,0.008,0.009,1,0.22,0.85,
fodder,0,G13_Non_Food,0.015,0.012,0.3,0.54,0.9,
fodder_crop,0,G13_Non_Food,0.015,0.012,0.3,0.54,0.9,
fodder_grass,0,G13_Non_Food,0.015,0.012,0.3,0.54,0.9,
fodder_grasses,0,G13_Non_Food,0.015,0.012,0.3,0.54,0.9,
fodder_legume,0,G13_Non_Food,0.027,0.022,0.3,0.4,0.9,
fodder_trees,0,G13_Non_Food,0.008,0.009,1,0.22,0.85,
fodder_trees_shrubs,0,G13_Non_Food,0.015,0.012,0.3,0.54,0.9,
fonio,3520,G1_Grains_Roots_Tubers,0.008,0.009,1,0.22,0.85,
fonio_millet,3520,G1_Grains_Roots_Tubers,0.008,0.009,1,0.22,0.85,
forages,0,G13_Non_Food,0.015,0.012,0.3,0.54,0.9,
forest_trees,0,G13_Non_Food,0.008,0.009,1,0.22,0.85,
frafra_patato,580,G1_Grains_Roots_Tubers,0.019,0.014,0.4,0.2,0.22,frafra_potato
frafra_potato,580,G1_Grains_Roots_Tubers,0.019,0.014,0.4,0.2,0.22,
frejol,1480,G2_Pulses,0.008,0.008,2.1,0.19,0.91,bean
french_beans,650,G2_Pulses,0.008,0.008,2.1,0.19,0.91,haricot_bean
frijoles,1480,G2_Pulses,0.008,0.008,2.1,0.19,0.91,bean
fruits,800,G10_Other_Fruits,0.008,0.009,1,0.22,0.85,
fuel_wood_trees,0,G13_Non_Food,0.008,0.009,1,0.22,0.85,
funegreek,1000,G11_Condiments,0.008,0.009,1,0.22,0.85,
fungreek,1000,G11_Condiments,0.008,0.009,1,0.22,0.85,
galanga,0,G11_Condiments,0.008,0.009,1,0.22,0.85,
garden_peas,1480,G2_Pulses,0.008,0.008,2.1,0.19,0.91,
garlic,1490,G9_Other_Vegetables,0.008,0.009,1,0.22,0.85,
garlic_chives,1490,G9_Other_Vegetables,0.008,0.009,1,0.22,0.85,
garlic_onions,1490,G9_Other_Vegetables,0.008,0.009,1,0.22,0.85,garlic
gawa,680,G10_Other_Fruits,0.008,0.009,1,0.22,0.85,guava
geraspea,3360,G2_Pulses,0.008,0.008,2.1,0.19,0.91,grass_pea
gesho,0,G11_Condiments,0.008,0.009,1,0.22,0.85,NA
geso,0,G11_Condiments,0.008,0.009,1,0.22,0.85,gesho
gibto,0,NA,0.008,0.009,1,0.22,0.85,
ginger,800,G11_Condiments,0.008,0.009,1,0.22,0.85,
gishita,660,G10_Other_Fruits,0.008,0.009,1,0.22,0.85,soursop
godere,0,NA,0.008,0.009,1,0.22,0.85,
gojava,680,G10_Other_Fruits,0.008,0.009,1,0.22,0.85,guava
gombo,330,G9_Other_Vegetables,0.008,0.009,1,0.22,0.85,okra
gourd,250,G8_VitA_Fruits_Vegetables,0.008,0.009,1,0.22,0.85,squash
granadilla,800,G8_VitA_Fruits_Vegetables,0.008,0.009,1,0.22,0.85,passion_fruit
grape,720,G10_Other_Fruits,0.008,0.009,1,0.22,0.85,
grapefruit,300,G10_Other_Fruits,0.008,0.009,1,0.22,0.85,
grass,0,G13_Non_Food,0.015,0.012,0.3,0.54,0.9,
grass_pea,3360,G2_Pulses,0.008,0.008,2.1,0.19,0.91,
grass_weeds,0,G13_Non_Food,0.015,0.012,0.3,0.54,0.9,
grazingland,0,G13_Non_Food,0.015,0.012,0.3,0.54,0.9,
green_beans,650,G2_Pulses,0.008,0.008,2.1,0.19,0.91,haricot_bean
green_gram,3470,G2_Pulses,0.008,0.008,2.1,0.19,0.91,green_gram
green_peas,810,G2_Pulses,0.008,0.008,2.1,0.19,0.91,
green_pepper,400,G9_Other_Vegetables,0.008,0.009,1,0.22,0.85,
ground_bean,5670,G3_Nuts_Seeds,0.008,0.009,1,0.22,0.85,bambara_nut
ground_beannzama,5670,G3_Nuts_Seeds,0.008,0.009,1,0.22,0.85,bambara_nut
groundnut,5500,G3_Nuts_Seeds,0.016,0.009,1,0.22,0.94,peanut
guanabana,660,G10_Other_Fruits,0.008,0.009,1,0.22,0.85,soursop
guava,680,G10_Other_Fruits,0.008,0.009,1,0.22,0.85,
guave,680,G10_Other_Fruits,0.008,0.009,1,0.22,0.85,guava
guinea_corn,3290,G1_Grains_Roots_Tubers,0.006,0.009,1.3,0.22,0.88,
gunda,0,G12_Other,0.008,0.009,1,0.22,0.85,pickle
guvava,680,G10_Other_Fruits,0.008,0.009,1,0.22,0.85,guava
habila,0,NA,0.008,0.009,1,0.22,0.85,
hanefatse_wheat_+_barely,3350,G1_Grains_Roots_Tubers,0.006,0.009,1.3,0.22,0.88,hanfets
hanefatsewheat_+barely,3350,G1_Grains_Roots_Tubers,0.006,0.009,1.3,0.22,0.88,hanfets
hanfets,3350,G1_Grains_Roots_Tubers,0.006,0.009,1.3,0.22,0.88,
haricot,650,G2_Pulses,0.008,0.008,2.1,0.19,0.91,haricot_beans
haricot_beans,650,G2_Pulses,0.008,0.008,2.1,0.19,0.91,
harricot_bean,650,G2_Pulses,0.008,0.008,2.1,0.19,0.91,haricot_beans
harricotbean,650,G2_Pulses,0.008,0.008,2.1,0.19,0.91,haricot_beans
hay,0,G13_Non_Food,0.015,0.012,0.3,0.54,0.9,
herbs,0,G13_Non_Food,0.008,0.009,1,0.22,0.85,
hibiscus,0,G11_Condiments,0.008,0.009,1,0.22,0.85,
honey,3040,G12_Other,0,0,0,0,0,
hops,0,G13_Non_Food,0.008,0.009,1,0.22,0.85,
horse_beans,3470,G2_Pulses,0.008,0.008,2.1,0.19,0.91,
horse_gram,3470,G2_Pulses,0.008,0.008,2.1,0.19,0.91,
hot_mint,0,G11_Condiments,0.008,0.009,1,0.22,0.85,mint
hot_pepper,0,G11_Condiments,0.008,0.009,1,0.22,0.85,
hrict_bean,650,G2_Pulses,0.008,0.008,2.1,0.19,0.91,
hybiscus,0,G11_Condiments,0.008,0.009,1,0.22,0.85,
indian_jujube,790,G10_Other_Fruits,0.008,0.009,1,0.22,0.85,jujube
indian_olive,1450,G12_Other,0.008,0.009,1,0.22,0.85,jalpai
indian_spinach,230,G7_Leafy_Vegetables,0.008,0.009,1,0.22,0.85,
irish_potato,580,G1_Grains_Roots_Tubers,0.019,0.014,0.4,0.2,0.22,
irish_potato_veg,580,G1_Grains_Roots_Tubers,0.019,0.014,0.4,0.2,0.22,irish_potato
irish_potatoes,580,G1_Grains_Roots_Tubers,0.019,0.014,0.4,0.2,0.22,irish_potato
ivy_gourd,250,G8_VitA_Fruits_Vegetables,0.008,0.009,1,0.22,0.85,gourd
jackfruit,940,G10_Other_Fruits,0.008,0.009,1,0.22,0.85,
jacquie_fruit,940,G10_Other_Fruits,0.008,0.009,1,0.22,0.85,jackfruit
japan_plum,600,G10_Other_Fruits,0.008,0.009,1,0.22,0.85,
jatropha,0,G13_Non_Food,0.008,0.009,1,0.22,0.85,
java_plum,600,G10_Other_Fruits,0.008,0.009,1,0.22,0.85,
jaxatou,250,G9_Other_Vegetables,0.008,0.009,1,0.22,0.85,eggplant
jeera_cumin,0,G11_Condiments,0.008,0.009,1,0.22,0.85,
jews_mallow,0,G13_Non_Food,0.008,0.009,1,0.22,0.85,
jocote,700,G10_Other_Fruits,0.008,0.009,1,0.22,0.85,
jujube,790,G10_Other_Fruits,0.008,0.009,1,0.22,0.85,
jujupe,790,G10_Other_Fruits,0.008,0.009,1,0.22,0.85,
jute,500,G7_Leafy_Vegetables,0.008,0.009,1,0.22,0.85,
jute_mellow,500,G7_Leafy_Vegetables,0.008,0.009,1,0.22,0.85,jute
jute_plant,500,G7_Leafy_Vegetables,0.008,0.009,1,0.22,0.85,
kakdi,150,G9_Other_Vegetables,0.008,0.009,1,0.22,0.85,cucumber
kales,490,G7_Leafy_Vegetables,0.008,0.009,1,0.22,0.85,
kanaf,0,G13_Non_Food,0.008,0.009,1,0.22,0.85,
karanga,5500,G3_Nuts_Seeds,0.016,0.009,1,0.22,0.94,peanuts
kassi,0,NA,0.008,0.009,1,0.22,0.85,
kazmir,0,NA,0.008,0.009,1,0.22,0.85,
kenaf,0,G13_Non_Food,0.008,0.009,1,0.22,0.85,
ker,250,G10_Other_Fruits,0.008,0.009,1,0.22,0.85,Capparis decidua
khaya_senegalensis,0,G13_Non_Food,0.008,0.009,1,0.22,0.85,
khenaf,0,G13_Non_Food,0.008,0.009,1,0.22,0.85,
khol_khol,250,G7_Leafy_Vegetables,0.008,0.009,1,0.22,0.85,cabbage
kholrabi,250,G7_Leafy_Vegetables,0.008,0.009,1,0.22,0.85,cabbage
kideny_bean,3370,G2_Pulses,0.008,0.008,2.1,0.19,0.91,
kidney_tomato,210,G9_Other_Vegetables,0.008,0.009,1,0.22,0.85,
kiker,0,NA,0.008,0.009,1,0.22,0.85,
koba,940,G10_Other_Fruits,0.008,0.009,1,0.22,0.85,jackfruit
kohlrabi,250,G7_Leafy_Vegetables,0.008,0.009,1,0.22,0.85,cabbage
kola_nut,2030,G3_Nuts_Seeds,0.008,0.009,1,0.22,0.85,
kunde,3360,G2_Pulses,0.008,0.008,2.1,0.19,0.91,cowpea
kvet,0,NA,0.008,0.009,1,0.22,0.85,
lablab,0,G13_Non_Food,0.008,0.009,1,0.22,0.85,
ladyfinger,330,G9_Other_Vegetables,0.008,0.009,1,0.22,0.85,okra
ladys_finger,330,G9_Other_Vegetables,0.008,0.009,1,0.22,0.85,okra
lannea_microcarpa,500,G10_Other_Fruits,0.008,0.009,1,0.22,0.85,
lasuwa,0,G12_Other,0.008,0.009,1,0.22,0.85,pickle
lathyru,3360,G2_Pulses,0.008,0.008,2.1,0.19,0.91,grass_pea
lathyrus,3360,G2_Pulses,0.008,0.008,2.1,0.19,0.91,grass_pea
leaf_mustard,270,G7_Leafy_Vegetables,0.008,0.009,1,0.22,0.85,mustard_green
leafy_greens,280,G7_Leafy_Vegetables,0.008,0.009,1,0.22,0.85,
leafy_vegetables,720,G7_Leafy_Vegetables,0.008,0.009,1,0.22,0.85,other_vegetables
leechi,660,G10_Other_Fruits,0.008,0.009,1,0.22,0.85,litchi
leek,610,G9_Other_Vegetables,0.008,0.009,1,0.22,0.85,
legumes,720,G9_Other_Vegetables,0.008,0.009,1,0.22,0.85,
lemon,290,G10_Other_Fruits,0.008,0.009,1,0.22,0.85,
lemongrass,0,G11_Condiments,0.008,0.009,1,0.22,0.85,
lentil,3780,G2_Pulses,0.008,0.008,2.1,0.19,0.91,
lentile,3780,G2_Pulses,0.008,0.008,2.1,0.19,0.91,lentil
lettuce,150,G7_Leafy_Vegetables,0.008,0.009,1,0.22,0.85,??
leucerne,0,G13_Non_Food,0.027,0.019,1,0.4,0.9,alfalfa
liana,0,G13_Non_Food,0.008,0.009,1,0.22,0.85,
lime,800,G10_Other_Fruits,0.008,0.009,1,0.22,0.85,
lineseed,3000,G12_Other,0.008,0.009,1,0.22,0.85,
linseed,3000,G12_Other,0.008,0.009,1,0.22,0.85,
litchi,660,G10_Other_Fruits,0.008,0.009,1,0.22,0.85,litchi
local_aubergine,250,G9_Other_Vegetables,0.008,0.009,1,0.22,0.85,eggplant
locust_bean,3300,G3_Nuts_Seeds,0.008,0.009,1,0.22,0.85,
lofa_sak,200,G7_Leafy_Vegetables,0.008,0.009,1,0.22,0.85,Malva verticillata
long_bean,650,G2_Pulses,0.008,0.008,2.1,0.19,0.91,haricot_bean
longan,600,G10_Other_Fruits,0.008,0.009,1,0.22,0.85,
loquat,470,G10_Other_Fruits,0.008,0.009,1,0.22,0.85,
luffa_gourd,0,G13_Non_Food,0.008,0.009,1,0.22,0.85,sponge_gourd
lychee,660,G10_Other_Fruits,0.008,0.009,1,0.22,0.85,litchi
maca,1180,G1_Grains_Roots_Tubers,0.019,0.014,0.4,0.2,0.22,Lepidium meyenii
macabu,3650,G1_Grains_Roots_Tubers,0.006,0.007,1,0.22,0.87,maize
macadamia,7180,G3_Nuts_Seeds,0.008,0.009,1,0.22,0.85,
macca,1180,G1_Grains_Roots_Tubers,0.019,0.014,0.4,0.2,0.22,Lepidium meyenii
maccadamia,7180,G3_Nuts_Seeds,0.008,0.009,1,0.22,0.85,
mais,3650,G1_Grains_Roots_Tubers,0.006,0.007,1,0.22,0.87,maize
maize,3650,G1_Grains_Roots_Tubers,0.006,0.007,1,0.22,0.87,
maize_blanco,3650,G1_Grains_Roots_Tubers,0.006,0.007,1,0.22,0.87,maize
maize_choclero,3650,G1_Grains_Roots_Tubers,0.006,0.007,1,0.22,0.87,maize
maize_cubano,3650,G1_Grains_Roots_Tubers,0.006,0.007,1,0.22,0.87,maize
mamon,580,G10_Other_Fruits,0.008,0.009,1,0.22,0.85,Melicoccus bijugatus
mandarin,530,G10_Other_Fruits,0.008,0.009,1,0.22,0.85,tangerine
manglibes,0,NA,0.008,0.009,1,0.22,0.85,
mango,800,G8_VitA_Fruits_Vegetables,0.008,0.009,1,0.22,0.85,
mango_tree,800,G8_VitA_Fruits_Vegetables,0.008,0.009,1,0.22,0.85,
mangoes,800,G8_VitA_Fruits_Vegetables,0.008,0.009,1,0.22,0.85,
mangosteen,730,G10_Other_Fruits,0.008,0.009,1,0.22,0.85,
manioc,1600,G1_Grains_Roots_Tubers,0.019,0.014,0.4,0.2,0.22,cassava
manure,0,G13_Non_Food,0,0,0,0,0,livestock product
maracoudia,800,G8_VitA_Fruits_Vegetables,0.008,0.009,1,0.22,0.85,passion_fruit
marrow,170,G8_VitA_Fruits_Vegetables,0.008,0.009,1,0.22,0.85,zucchini
marula,700,G10_Other_Fruits,0.008,0.009,1,0.22,0.85,Sclerocarya birrea
masau,790,G10_Other_Fruits,0.008,0.009,1,0.22,0.85,jujube
masho,1470,G2_Pulses,0.008,0.008,2.1,0.19,0.91,mung_bean
mashua,450,G1_Grains_Roots_Tubers,0.019,0.014,0.4,0.2,0.22,
mashua_tuber,450,G1_Grains_Roots_Tubers,0.019,0.014,0.4,0.2,0.22,
meat,1200,G5_Meat_Fish,0,0,0,0,0,
medicinal_plants,0,G13_Non_Food,0.008,0.009,1,0.22,0.85,
medlar,430,G10_Other_Fruits,0.008,0.009,1,0.22,0.85,
melloco,620,G1_Grains_Roots_Tubers,0.008,0.009,1,0.22,0.85,Ullucus
melon,340,G8_VitA_Fruits_Vegetables,0.008,0.009,1,0.22,0.85,
melonseed,3000,G3_Nuts_Seeds,0.008,0.009,1,0.22,0.85,
meser,3780,G2_Pulses,0.008,0.008,2.1,0.19,0.91,lentil
mexican_apple,1100,G10_Other_Fruits,0.008,0.009,1,0.22,0.85,sapote
mexican_apple_masuku,1100,G10_Other_Fruits,0.008,0.009,1,0.22,0.85,sapote
mhogo,1600,G1_Grains_Roots_Tubers,0.019,0.014,0.4,0.2,0.22,cassava
milk,597,G4_Dairy,0,0,0,0,0,
milk_fruit,670,G10_Other_Fruits,0.008,0.009,1,0.22,0.85,star_apple
millet,3760,G1_Grains_Roots_Tubers,0.007,0.009,1.4,0.16,0.9,
millet_bulrush,3760,G1_Grains_Roots_Tubers,0.007,0.009,1.4,0.16,0.9,millet
millet_early,3760,G1_Grains_Roots_Tubers,0.007,0.009,1.4,0.16,0.9,millet
millet_late,3760,G1_Grains_Roots_Tubers,0.007,0.009,1.4,0.16,0.9,millet
millet_pearl,3760,G1_Grains_Roots_Tubers,0.007,0.009,1.4,0.16,0.9,millet
mint,0,G11_Condiments,0.008,0.009,1,0.22,0.85,
miraa,0,G13_Non_Food,0.008,0.009,1,0.22,0.85,khat
mkak,700,G10_Other_Fruits,0.008,0.009,1,0.22,0.85,Spondias dulcis
moong_beans,1470,G2_Pulses,0.008,0.008,2.1,0.19,0.91,mung_bean
moringa,640,G7_Leafy_Vegetables,0.008,0.009,1,0.22,0.85,drumstick
moringa_leaves,640,G7_Leafy_Vegetables,0.008,0.009,1,0.22,0.85,drumstick
moth_bean,1470,G2_Pulses,0.008,0.008,2.1,0.19,0.91,mung_bean
moth_bean_moth,1470,G2_Pulses,0.008,0.008,2.1,0.19,0.91,mung_bean
mpiru,270,G7_Leafy_Vegetables,0.008,0.009,1,0.22,0.85,mustard_green
mpundu,1100,G10_Other_Fruits,0.008,0.009,1,0.22,0.85,Parinari curatellifolia
msinyika,0,G13_Non_Food,0.008,0.009,1,0.22,0.85,
mucuna,0,G12_Other,0.008,0.009,1,0.22,0.85,
muhsroom,300,G9_Other_Vegetables,0.008,0.009,1,0.22,0.85,mushroom
mulato,400,G9_Other_Vegetables,0.008,0.009,1,0.22,0.85,chili_pepper
mung_beans,1470,G2_Pulses,0.008,0.008,2.1,0.19,0.91,
mungbean_masho,1470,G2_Pulses,0.008,0.008,2.1,0.19,0.91,
mushroom,300,G9_Other_Vegetables,0.008,0.009,1,0.22,0.85,mushroom
muskmelon,340,G8_VitA_Fruits_Vegetables,0.008,0.009,1,0.22,0.85,melon
mustard,0,G11_Condiments,0.008,0.009,1,0.22,0.85,mustard
mustard_seed,0,G11_Condiments,0.008,0.009,1,0.22,0.85,
n_a,0,NA,0,0,0,0,0,
na,0,NA,0,0,0,0,0,
naartje_tangerine,530,G10_Other_Fruits,0.008,0.009,1,0.22,0.85,tangerine
nakati_ethiopian_eggplant,250,G9_Other_Vegetables,0.008,0.009,1,0.22,0.85,eggplant
napier_grass,0,G13_Non_Food,0.015,0.012,0.3,0.54,0.9,
naranjilla,200,G10_Other_Fruits,0.008,0.009,1,0.22,0.85,
native_potato,580,G1_Grains_Roots_Tubers,0.019,0.014,0.4,0.2,0.22,potato
native_trees,0,G13_Non_Food,0.008,0.009,1,0.22,0.85,
navet,720,G1_Grains_Roots_Tubers,0.019,0.014,0.4,0.2,0.22,turnip
neem_leaves,150,G7_Leafy_Vegetables,0.008,0.009,1,0.22,0.85,
nere,0,NA,0,0,0,0,0,
niebe,3360,G2_Pulses,0.008,0.008,2.1,0.19,0.91,cowpea
nightshade,400,G7_Leafy_Vegetables,0.008,0.009,1,0.22,0.85,black_nightshade
nispera,470,G10_Other_Fruits,0.008,0.009,1,0.22,0.85,loquat
nkhwani,170,G7_Leafy_Vegetables,0.008,0.009,1,0.22,0.85,pumpkin leaves
no_answer,0,NA,0,0,0,0,0,
no_fruit,0,NA,0,0,0,0,0,
no_veg,0,NA,0,0,0,0,0,
none,0,NA,0,0,0,0,0,
ntula_thai_eggplant,250,G9_Other_Vegetables,0.008,0.009,1,0.22,0.85,eggplant
nutsedge_cyperus_esculentus,3500,G1_Grains_Roots_Tubers,0.008,0.009,1,0.22,0.85,tiger_nut
oat,3500,G1_Grains_Roots_Tubers,0.007,0.008,1.3,0.25,0.89,
oat_food,3500,G1_Grains_Roots_Tubers,0.007,0.008,1.3,0.25,0.89,oat
oats_forage,3500,G1_Grains_Roots_Tubers,0.007,0.008,1.3,0.25,0.89,oat
oca,600,G1_Grains_Roots_Tubers,0.008,0.009,1,0.22,0.85,
oca_oxalis_tuberosum,600,G1_Grains_Roots_Tubers,0.008,0.009,1,0.22,0.85,
oil_nut,0,G12_Other,0.008,0.009,1,0.22,0.85,
oil_palm,0,G12_Other,0.008,0.009,1,0.22,0.85,
oilseed,0,G12_Other,0.008,0.009,1,0.22,0.85,
okra,330,G9_Other_Vegetables,0.008,0.009,1,0.22,0.85,
okra_leaves,150,G7_Leafy_Vegetables,0.008,0.009,1,0.22,0.85,
okro,330,G9_Other_Vegetables,0.008,0.009,1,0.22,0.85,okra
olive,1450,G12_Other,0.008,0.009,1,0.22,0.85,
olluco_tuber,620,G1_Grains_Roots_Tubers,0.008,0.009,1,0.22,0.85,ullucus
onian,720,G9_Other_Vegetables,0.008,0.009,1,0.22,0.85,onion
onion,720,G9_Other_Vegetables,0.008,0.009,1,0.22,0.85,onion
onion_larga,720,G9_Other_Vegetables,0.008,0.009,1,0.22,0.85,onion
onion_paean,720,G9_Other_Vegetables,0.008,0.009,1,0.22,0.85,onion
oragnes,800,G10_Other_Fruits,0.008,0.009,1,0.22,0.85,orange
orange,800,G10_Other_Fruits,0.008,0.009,1,0.22,0.85,
orchard_multispecies,800,G10_Other_Fruits,0.008,0.009,1,0.22,0.85,
oregano,0,G11_Condiments,0.008,0.009,1,0.22,0.85,
other,0,G12_Other,0.008,0.009,1,0.22,0.85,
other_citrus,800,G10_Other_Fruits,0.008,0.009,1,0.22,0.85,
other_crop,0,G12_Other,0.008,0.009,1,0.22,0.85,
other_fodder,0,G13_Non_Food,0.015,0.012,0.3,0.54,0.9,
other_fruit,800,G10_Other_Fruits,0.008,0.009,1,0.22,0.85,
other_imp,0,G12_Other,0.008,0.009,1,0.22,0.85,
other_specify,0,G12_Other,0.008,0.009,1,0.22,0.85,
other_veg,720,G9_Other_Vegetables,0.008,0.009,1,0.22,0.85,
other_vegetables,720,G9_Other_Vegetables,0.008,0.009,1,0.22,0.85,
othercereal,3500,G1_Grains_Roots_Tubers,0.006,0.009,1.3,0.22,0.88,
otherfruit,800,G10_Other_Fruits,0.008,0.009,1,0.22,0.85,NA
otherland,0,NA,0,0,0,0,0,
otheroilseed,0,G11_Condiments,NA,NA,NA,NA,NA,
otherpulse,1470,G2_Pulses,0.008,0.008,2.1,0.19,0.91,
otherrootc,580,G1_Grains_Roots_Tubers,0.019,0.014,0.4,0.2,0.22,
otherspice,0,G11_Condiments,0.008,0.009,1,0.22,0.85,
othervegetable,720,G9_Other_Vegetables,0.008,0.009,1,0.22,0.85,NA
otro_no,0,G12_Other,0.008,0.009,1,0.22,0.85,
paddy,3600,G1_Grains_Roots_Tubers,0.007,0.009,1.4,0.16,0.89,rice
paddy_irrigated,3600,G1_Grains_Roots_Tubers,0.007,0.009,1.4,0.16,0.89,rice
paddy_rain,3600,G1_Grains_Roots_Tubers,0.007,0.009,1.4,0.16,0.89,rice
palm,1150,G9_Other_Vegetables,0.008,0.009,1,0.22,0.85,palm_heart
palm_fruit,600,G10_Other_Fruits,0.008,0.009,1,0.22,0.85,acai
palm_heart,1150,G9_Other_Vegetables,0.008,0.009,1,0.22,0.85,
palm_oil,0,G12_Other,0.008,0.009,1,0.22,0.85,oilpalm
palm_oil_tree,0,G12_Other,0.008,0.009,1,0.22,0.85,
palma_aceitera,0,G12_Other,0.008,0.009,1,0.22,0.85,oilpalm
palmito,1150,G9_Other_Vegetables,0.008,0.009,1,0.22,0.85,palm_heart
pamba,0,NA,0.008,0.009,1,0.22,0.85,
papanabo,720,G1_Grains_Roots_Tubers,0.019,0.014,0.4,0.2,0.22,turnip
papaya,430,G8_VitA_Fruits_Vegetables,0.008,0.009,1,0.22,0.85,
paprika,0,G11_Condiments,0.008,0.009,1,0.22,0.85,
parkia_biglobosa,3300,G3_Nuts_Seeds,0.008,0.009,1,0.22,0.85,locust_bean
parsley,360,G11_Condiments,0.008,0.009,1,0.22,0.85,
passion,800,G8_VitA_Fruits_Vegetables,0.008,0.009,1,0.22,0.85,passion_fruit
passion_fruit,800,G8_VitA_Fruits_Vegetables,0.008,0.009,1,0.22,0.85,
pasture,0,G13_Non_Food,0.015,0.012,0.3,0.54,0.9,
patate_douce,770,G1_Grains_Roots_Tubers,0.019,0.014,0.4,0.2,0.22,sweet_potatoes
patchouli,0,G12_Other,0.008,0.009,1,0.22,0.85,
pawpaw,480,G10_Other_Fruits,0.008,0.009,1,0.22,0.85,
pawpaw_papaya,430,G8_VitA_Fruits_Vegetables,0.008,0.009,1,0.22,0.85,
pea,810,G2_Pulses,0.008,0.008,2.1,0.19,0.91,
peach,480,G10_Other_Fruits,0.008,0.009,1,0.22,0.85,
peanut,5500,G3_Nuts_Seeds,0.016,0.009,1,0.22,0.94,
peanut_colorado,5500,G3_Nuts_Seeds,0.016,0.009,1,0.22,0.94,peanut
peanut_largillo,5500,G3_Nuts_Seeds,0.016,0.009,1,0.22,0.94,peanut
pear,600,G10_Other_Fruits,0.008,0.009,1,0.22,0.85,pear
pearl_millet,3760,G1_Grains_Roots_Tubers,0.007,0.009,1.4,0.16,0.9,
pearl_milletmchewere,3760,G1_Grains_Roots_Tubers,0.007,0.009,1.4,0.16,0.9,pearl_millet
pearl_onion,720,G9_Other_Vegetables,0.008,0.009,1,0.22,0.85,onions
peper,200,G9_Other_Vegetables,0.008,0.009,1,0.22,0.85,
pepino,150,G9_Other_Vegetables,0.008,0.009,1,0.22,0.85,cucumber
pepper,200,G9_Other_Vegetables,0.008,0.009,1,0.22,0.85,
pepper_chillie,200,G9_Other_Vegetables,0.008,0.009,1,0.22,0.85,
pepper_spice,0,G11_Condiments,0.008,0.009,1,0.22,0.85,
peppermint,0,G11_Condiments,0.008,0.009,1,0.22,0.85,mint
pig_weed,3710,G1_Grains_Roots_Tubers,0.006,0.009,1.3,0.22,0.88,amaranth
pigeon_pea,810,G2_Pulses,0.008,0.008,2.1,0.19,0.91,
pigeonpeanandolo,810,G2_Pulses,0.008,0.008,2.1,0.19,0.91,
pilu,0,G13_Non_Food,0.008,0.009,1,0.22,0.85,
pinapple,800,G10_Other_Fruits,0.008,0.009,1,0.22,0.85,
pineapple,800,G10_Other_Fruits,0.008,0.009,1,0.22,0.85,
pitahaya,570,G10_Other_Fruits,0.008,0.009,1,0.22,0.85,
plantain,890,G1_Grains_Roots_Tubers,0.008,0.009,1,0.22,0.85,
plat√é¬£√ç¬£√é¬¢√ç¬°no,890,G1_Grains_Roots_Tubers,0.008,0.009,1,0.22,0.85,
plum,460,G10_Other_Fruits,0.008,0.009,1,0.22,0.85,
pointed_gourd,250,G9_Other_Vegetables,0.008,0.009,1,0.22,0.85,gourd
pomegranate,830,G10_Other_Fruits,0.008,0.009,1,0.22,0.85,
pomelo,300,G10_Other_Fruits,0.008,0.009,1,0.22,0.85,grapefruit
pomme_rouge,520,G10_Other_Fruits,0.008,0.009,1,0.22,0.85,apple
pommier_sahel,790,G10_Other_Fruits,0.008,0.009,1,0.22,0.85,jujube
popcorn,3650,G1_Grains_Roots_Tubers,0.006,0.007,1,0.22,0.87,maize
potato,580,G1_Grains_Roots_Tubers,0.019,0.014,0.4,0.2,0.22,
potato_irish,580,G1_Grains_Roots_Tubers,0.019,0.014,0.4,0.2,0.22,
potatoes,580,G1_Grains_Roots_Tubers,0.019,0.014,0.4,0.2,0.22,
prine,460,G10_Other_Fruits,0.008,0.009,1,0.22,0.85,plum
proso_millet,3760,G1_Grains_Roots_Tubers,0.007,0.009,1.4,0.16,0.9,millet
prunes,460,G10_Other_Fruits,0.008,0.009,1,0.22,0.85,
pulses,3530,G2_Pulses,0.008,0.008,2.1,0.19,0.91,
pumpkin,480,G8_VitA_Fruits_Vegetables,0.008,0.009,1,0.22,0.85,
pumpkin_leaves,170,G7_Leafy_Vegetables,0.008,0.009,1,0.22,0.85,
pumpkins,480,G8_VitA_Fruits_Vegetables,0.008,0.009,1,0.22,0.85,pumpkin
purple_vetch,0,G13_Non_Food,0.008,0.009,1,0.22,0.85,
pyrethrum,0,G13_Non_Food,0.008,0.009,1,0.22,0.85,
quinoa,3780,G1_Grains_Roots_Tubers,0.006,0.009,1.3,0.22,0.88,
quinquina,0,G13_Non_Food,0.008,0.009,1,0.22,0.85,
quisquil,190,G9_Other_Vegetables,0.008,0.009,1,0.22,0.85,chayote
radish,160,G9_Other_Vegetables,0.019,0.014,0.4,0.2,0.22,
rambut√é¬£√ç¬£√é¬¢√ç¬°n,750,G9_Other_Vegetables,0.008,0.009,1,0.22,0.85,
rambutan,750,G9_Other_Vegetables,0.008,0.009,1,0.22,0.85,
rape,1270,G12_Other,0.008,0.009,1,0.22,0.85,rapeseed
rapeseed,1270,G12_Other,0.008,0.009,1,0.22,0.85,
rat_ear,250,G7_Leafy_Vegetables,0.008,0.009,1,0.22,0.85,Peperomia pelludica
rau,200,G9_Other_Vegetables,0.008,0.009,1,0.22,0.85,
red_apple,520,G10_Other_Fruits,0.008,0.009,1,0.22,0.85,apple
red_onion,720,G9_Other_Vegetables,0.008,0.009,1,0.22,0.85,onions
redkidenybean,3370,G2_Pulses,0.008,0.008,2.1,0.19,0.91,
redpepper,200,G9_Other_Vegetables,0.008,0.009,1,0.22,0.85,
rice,3600,G1_Grains_Roots_Tubers,0.007,0.009,1.4,0.16,0.89,
ridge_gaurd,250,G9_Other_Vegetables,0.008,0.009,1,0.22,0.85,gourd
ridge_gourd,250,G9_Other_Vegetables,0.008,0.009,1,0.22,0.85,gourd
ridged_gourd,250,G9_Other_Vegetables,0.008,0.009,1,0.22,0.85,gourd
romier,0,G13_Non_Food,0.008,0.009,1,0.22,0.85,
root_vegetable,580,G1_Grains_Roots_Tubers,0.019,0.014,0.4,0.2,0.22,
roselle,220,G7_Leafy_Vegetables,0.008,0.009,1,0.22,0.85,roselle_sorrel
roselle_hibiscus,0,G11_Condiments,0.008,0.009,1,0.22,0.85,
roselle_kenaf,220,G7_Leafy_Vegetables,0.008,0.009,1,0.22,0.85,roselle_sorrel
roselle_sorrel,220,G7_Leafy_Vegetables,0.008,0.009,1,0.22,0.85,
rosselle_sorrel,220,G7_Leafy_Vegetables,0.008,0.009,1,0.22,0.85,roselle_sorrel
rotstar,0,NA,0.008,0.009,1,0.22,0.85,
rough_pea,810,G2_Pulses,0.008,0.008,2.1,0.19,0.91,
rubber,0,G13_Non_Food,0.008,0.009,1,0.22,0.85,
rue,3600,G1_Grains_Roots_Tubers,0.005,0.011,1.6,0.22,0.88,
russian_comfrey,0,G12_Other,0.008,0.009,1,0.22,0.85,
rye,3600,G1_Grains_Roots_Tubers,0.005,0.011,1.6,0.22,0.88,
sacredbasil,0,G11_Condiments,0.008,0.009,1,0.22,0.85,
safou,2300,G10_Other_Fruits,0.008,0.009,1,0.22,0.85,Dacryodes edulis
salad,150,G7_Leafy_Vegetables,0.008,0.009,1,0.22,0.85,lettuce
salaza,0,NA,0.008,0.009,1,0.22,0.85,
sandia,400,G8_VitA_Fruits_Vegetables,0.008,0.009,1,0.22,0.85,watermelon
sangri,650,G2_Pulses,0.008,0.008,2.1,0.19,0.91,haricot_bean
sapodila,830,G10_Other_Fruits,0.008,0.009,1,0.22,0.85,Manilkara zapota
sasula,0,G13_Non_Food,0.008,0.009,1,0.22,0.85,Impatiens tinctoria
scarlet_gourd,250,G9_Other_Vegetables,0.008,0.009,1,0.22,0.85,gourd
senna,0,NA,0.008,0.009,1,0.22,0.85,
service,0,NA,0,0,0,0,0,
sesam,5730,G3_Nuts_Seeds,0.008,0.009,1,0.22,0.85,
sesame,5730,G3_Nuts_Seeds,0.008,0.009,1,0.22,0.85,
sesame_seed,5730,G3_Nuts_Seeds,0.008,0.009,1,0.22,0.85,sesame
sesbania,4350,G2_Pulses,0.008,0.008,2.1,0.19,0.91,
shaddock_pomelo,300,G10_Other_Fruits,0.008,0.009,1,0.22,0.85,grapefruit
shea,0,G12_Other,0.008,0.009,1,0.22,0.85,Vitellaria paradoxa
shrubs_trees,0,G13_Non_Food,0.008,0.009,1,0.22,0.85,
simsim,5730,G3_Nuts_Seeds,0.008,0.009,1,0.22,0.85,sesame
sinar,0,NA,0.008,0.009,1,0.22,0.85,
sisal,0,G13_Non_Food,0.008,0.009,1,0.22,0.85,NA
skin,0,NA,0,0,0,0,0,livestock product
slender_leaf,200,G7_Leafy_Vegetables,0.008,0.009,1,0.22,0.85,
snake_gourd,250,G9_Other_Vegetables,0.008,0.009,1,0.22,0.85,gourd
soja,1470,G2_Pulses,0.008,0.008,2.1,0.19,0.91,soya_bean
solanum_spp,400,G7_Leafy_Vegetables,0.008,0.009,1,0.22,0.85,black_nightshade
sorgham,3390,G1_Grains_Roots_Tubers,0.007,0.006,1.4,0.22,0.89,sorghum
sorghum,3390,G1_Grains_Roots_Tubers,0.007,0.006,1.4,0.22,0.89,
sorghum_millet_white,3390,G1_Grains_Roots_Tubers,0.007,0.006,1.4,0.22,0.89,sorghum
sorghum_red,3390,G1_Grains_Roots_Tubers,0.007,0.006,1.4,0.22,0.89,sorghum
sorghum_white,3390,G1_Grains_Roots_Tubers,0.007,0.006,1.4,0.22,0.89,sorghum
sorrel,220,G7_Leafy_Vegetables,0.008,0.009,1,0.22,0.85,roselle_sorrel
soursop,660,G10_Other_Fruits,0.008,0.009,1,0.22,0.85,
soy,1470,G2_Pulses,0.008,0.008,2.1,0.19,0.91,soya_bean
soya,1470,G2_Pulses,0.008,0.008,2.1,0.19,0.91,soya_bean
soya_bean,1470,G2_Pulses,0.008,0.008,2.1,0.19,0.91,
soybean,1470,G2_Pulses,0.008,0.008,2.1,0.19,0.91,soya_bean
spices,0,G11_Condiments,0.008,0.009,1,0.22,0.85,
spices_and_herbs,0,G11_Condiments,0.008,0.009,1,0.22,0.85,spices
spider_plant,200,G7_Leafy_Vegetables,0.008,0.009,1,0.22,0.85,
spider_weed,200,G7_Leafy_Vegetables,0.008,0.009,1,0.22,0.85,
spinach,230,G7_Leafy_Vegetables,0.008,0.009,1,0.22,0.85,
spine_guard,250,G9_Other_Vegetables,0.008,0.009,1,0.22,0.85,Spiny gourd
spiny_amaranth,3710,G1_Grains_Roots_Tubers,0.006,0.009,1.3,0.22,0.88,amaranth
sponge_gaurd,0,G13_Non_Food,0.008,0.009,1,0.22,0.85,sponge_gourd
sponge_gourd,0,G13_Non_Food,0.008,0.009,1,0.22,0.85,
squash,265,G8_VitA_Fruits_Vegetables,0.008,0.009,1,0.22,0.85,
star_apple,670,G10_Other_Fruits,0.008,0.009,1,0.22,0.85,
star_fruit,310,G10_Other_Fruits,0.008,0.009,1,0.22,0.85,carambola
strawberry,320,G10_Other_Fruits,0.008,0.009,1,0.22,0.85,
sugarcane,400,G12_Other,0.008,0.009,1,0.22,0.85,
sukuma_wiki,230,G7_Leafy_Vegetables,0.008,0.009,1,0.22,0.85,
sun_hemp,0,G13_Non_Food,0.008,0.009,1,0.22,0.85,cover_crop
sunflower,5700,G3_Nuts_Seeds,0.008,0.009,1,0.22,0.85,
swede_navet,720,G1_Grains_Roots_Tubers,0.019,0.014,0.4,0.2,0.22,turnip
sweet_banana,890,G8_VitA_Fruits_Vegetables,0.008,0.009,1,0.22,0.85,
sweet_pepper,800,G9_Other_Vegetables,0.008,0.009,1,0.22,0.85,
sweet_potato,770,G1_Grains_Roots_Tubers,0.019,0.014,0.4,0.2,0.22,sweet_potatoes
sweet_potato_leaves,280,G7_Leafy_Vegetables,0.008,0.009,1,0.22,0.85,
sweet_potatoes,770,G1_Grains_Roots_Tubers,0.019,0.014,0.4,0.2,0.22,
tacca,0,G13_Non_Food,0.008,0.009,1,0.22,0.85,
tamarin,2400,G10_Other_Fruits,0.008,0.009,1,0.22,0.85,
tamarind,2400,G10_Other_Fruits,0.008,0.009,1,0.22,0.85,
tamarine,2400,G10_Other_Fruits,0.008,0.009,1,0.22,0.85,
tanaposi,150,G7_Leafy_Vegetables,0.008,0.009,1,0.22,0.85,Mpiru
tangelo_citrus,530,G10_Other_Fruits,0.008,0.009,1,0.22,0.85,
tangerine,530,G10_Other_Fruits,0.008,0.009,1,0.22,0.85,
taraw_palm,0,G13_Non_Food,0.008,0.009,1,0.22,0.85,
taro,1180,G1_Grains_Roots_Tubers,0.019,0.014,0.4,0.2,0.22,
tea,0,G11_Condiments,0.008,0.009,1,0.22,0.85,
tef,3670,G1_Grains_Roots_Tubers,0.006,0.009,1.3,0.22,0.88,
teff,3670,G1_Grains_Roots_Tubers,0.006,0.009,1.3,0.22,0.88,
temez,0,NA,0.008,0.009,1,0.22,0.85,
tenebaho,0,NA,0.008,0.009,1,0.22,0.85,
therere_okra,330,G9_Other_Vegetables,0.008,0.009,1,0.22,0.85,okra
thodza,500,G10_Other_Fruits,0.008,0.009,1,0.22,0.85,
timber,0,G13_Non_Food,0.008,0.009,1,0.22,0.85,
timber_tree,0,G13_Non_Food,0.008,0.009,1,0.22,0.85,trees_timber
tindsi_arka_tinda,210,G8_VitA_Fruits_Vegetables,0.008,0.009,1,0.22,0.85,apple_gourd
tiquisque,1180,G1_Grains_Roots_Tubers,0.019,0.014,0.4,0.2,0.22,taro
tobacco,0,G12_Other,0.008,0.009,1,0.22,0.85,
tomato,210,G9_Other_Vegetables,0.008,0.009,1,0.22,0.85,
tomatoes,210,G9_Other_Vegetables,0.008,0.009,1,0.22,0.85,
toriya,250,G9_Other_Vegetables,0.008,0.009,1,0.22,0.85,ridge_gourd
tree_tomato,350,G9_Other_Vegetables,0.008,0.009,1,0.22,0.85,
trees,0,G13_Non_Food,0.008,0.009,1,0.22,0.85,
trees_timber,0,G13_Non_Food,0.008,0.009,1,0.22,0.85,
tumeric,0,G11_Condiments,0.008,0.009,1,0.22,0.85,
tur_redgram_pigeonpea,810,G2_Pulses,0.008,0.008,2.1,0.19,0.91,
turmeric,0,G11_Condiments,0.008,0.009,1,0.22,0.85,
turnip,720,G1_Grains_Roots_Tubers,0.019,0.014,0.4,0.2,0.22,
ukazi,700,G7_Leafy_Vegetables,0.008,0.009,1,0.22,0.85,Gnetum Africanum
ulluco,750,G1_Grains_Roots_Tubers,0.008,0.009,1,0.22,0.85,
unripe_banana,890,G1_Grains_Roots_Tubers,0.008,0.009,1,0.22,0.85,plantain
vanilla,0,G11_Condiments,0.008,0.009,1,0.22,0.85,
vegetables,400,G9_Other_Vegetables,0.008,0.009,1,0.22,0.85,
vetch,0,G13_Non_Food,0.008,0.009,1,0.22,0.85,
voandzou,3500,G2_Pulses,0.008,0.008,2.1,0.19,0.91,bambara_groundnut
walnut,5730,G3_Nuts_Seeds,0.008,0.009,1,0.22,0.85,
wandzou,3500,G2_Pulses,0.008,0.008,2.1,0.19,0.91,bambara_groundnut
water_hyachinth,0,G13_Non_Food,0.008,0.009,1,0.22,0.85,NA
water_lily,0,G13_Non_Food,0.008,0.009,1,0.22,0.85,NA
water_melon,400,G8_VitA_Fruits_Vegetables,0.008,0.009,1,0.22,0.85,watermelon
water_mimosa,0,G13_Non_Food,0.008,0.009,1,0.22,0.85,NA
water_primrose,0,G13_Non_Food,0.008,0.009,1,0.22,0.85,NA
water_spinach,230,G7_Leafy_Vegetables,0.008,0.009,1,0.22,0.85,
watermelon,400,G8_VitA_Fruits_Vegetables,0.008,0.009,1,0.22,0.85,
watermleon,400,G8_VitA_Fruits_Vegetables,0.008,0.009,1,0.22,0.85,watermelon
wax_gourd,250,G9_Other_Vegetables,0.008,0.009,1,0.22,0.85,gourd
wet_rice,3600,G1_Grains_Roots_Tubers,0.007,0.009,1.4,0.16,0.89,
wheat,3400,G1_Grains_Roots_Tubers,0.006,0.009,1.3,0.23,0.89,
wheat_bread,3400,G1_Grains_Roots_Tubers,0.006,0.009,1.3,0.23,0.89,wheat
wheat_durum,3400,G1_Grains_Roots_Tubers,0.006,0.009,1.3,0.23,0.89,wheat
white_carrot,480,G8_VitA_Fruits_Vegetables,0.008,0.009,1,0.22,0.85,carrot
white_goosefoot,430,G7_Leafy_Vegetables,0.008,0.009,1,0.22,0.85,
white_leadtree,0,G13_Non_Food,0.008,0.009,1,0.22,0.85,
white_onion,720,G9_Other_Vegetables,0.008,0.009,1,0.22,0.85,onions
white_yam,1180,G1_Grains_Roots_Tubers,0.019,0.014,0.4,0.2,0.22,yam
whitecumin,0,G11_Condiments,0.008,0.009,1,0.22,0.85,
whole,1200,G5_Meat_Fish,0,0,0,0,0,average livestock
wild_apple,520,G10_Other_Fruits,0.008,0.009,1,0.22,0.85,apple
wild_grape,720,G10_Other_Fruits,0.008,0.009,1,0.22,0.85,grape
wing_bean,500,G2_Pulses,0.008,0.008,2.1,0.19,0.91,
winged_bean,500,G2_Pulses,0.008,0.008,2.1,0.19,0.91,
woandzou,3500,G2_Pulses,0.008,0.008,2.1,0.19,0.91,bambara_groundnut
woodland,0,G13_Non_Food,0.008,0.009,1,0.22,0.85,
woodlot,0,G13_Non_Food,0.008,0.009,1,0.22,0.85,
yam,1180,G1_Grains_Roots_Tubers,0.019,0.014,0.4,0.2,0.22,
yams,1180,G1_Grains_Roots_Tubers,0.019,0.014,0.4,0.2,0.22,yam
yardlong_bean,1470,G2_Pulses,0.008,0.008,2.1,0.19,0.91,NA
yarlong_bean,1470,G2_Pulses,0.008,0.008,2.1,0.19,0.91,NA
yellow_carrot,480,G8_VitA_Fruits_Vegetables,0.008,0.009,1,0.22,0.85,carrot
ylang_ylang,0,G13_Non_Food,0.008,0.009,1,0.22,0.85,
yuca,1600,G1_Grains_Roots_Tubers,0.019,0.014,0.4,0.2,0.22,cassava
yucca,1600,G1_Grains_Roots_Tubers,0.019,0.014,0.4,0.2,0.22,cassava
yute,0,G13_Non_Food,0.008,0.009,1,0.22,0.85,
zaban,700,G10_Other_Fruits,0.008,0.009,1,0.22,0.85,Saba Senegalensis
zambo,250,G9_Other_Vegetables,0.008,0.009,1,0.22,0.85,gourd
zapallo,265,G8_VitA_Fruits_Vegetables,0.008,0.009,1,0.22,0.85,butternut_squash
zucchini,170,G9_Other_Vegetables,0.008,0.009,1,0.22,0.85,
zuurzak,660,G10_Other_Fruits,0.008,0.009,1,0.22,0.85,soursop
